household dog wardening,household Canis familiaris(dog) wardening
South Asia Ophiophagus hannah research,South Asia Ophiophagus hannah(king cobra) research
China Citrullus lanatus mass production,China Citrullus lanatus(watermelon) mass production
natural reserve baiji protection,natural reserve Lipotes vexillifer(baiji) protection
institute white birch replant,institute Betula platyphylla(white birch) replant
legal action German wasp protection,legal action Vespula germanica(German wasp) protection
household Felis catus pet,household Felis catus(cat) pet
tropical area pineapple business,tropical area Ananas comosus(pineapple) business
sea shore blue whale rescue,sea shore Balaenoptera musculus(blue whale) rescue
field Cucumis sativus planting,field Cucumis sativus(cucumber) planting
